<?xml version='1.0' encoding='iso-8859-1' ?>
<feed xml:lang="en-US" xmlns="http://www.w3.org/2005/Atom">
    <title>Fishing Reports</title>
    <subtitle>The latest reports from fishinhole.com</subtitle>
    <link href="http://www.fishinhole.com/reports" rel="self"/>
    <updated>2015-07-03T16:19:54-05:00</updated>
    <author>
      <name>NameOfYourBoss</name>
      <email>nameofyourboss@fishinhole.com</email>
    </author>
    <id>tag:fishinhole.com,2008:http://www.fishinhole.com/reports</id>
    <entry>
      <title>Speckled Trout In Old River</title>
      <link type='text/html' href='http://www.fishinhole.com/reports/report.php?id=4'/>
      <id>tag:fishinhole.com,2008:http://www.fishinhole.com/reports/report.php?id=4</id>
      <updated>2009-05-03T04:59:00-05:00</updated>
      <author>
        <name>ReelHooked</name>
      </author>
      <summary>Limited out by noon</summary>
    </entry>